{"cameraMode":{"drawMode":0,"name":"Shaded","section":"Shading Mode"},"sceneLighting":true,"audioPlay":false,"sceneViewState":{"m_AlwaysRefresh":false,"showFog":true,"showSkybox":true,"showFlares":true,"showImageEffects":true,"showParticleSystems":true,"showVisualEffectGraphs":true,"m_FxEnabled":true},"in2DMode":false,"pivot":{"x":3.107276678085327,"y":1.5497764348983765,"z":-20.448028564453126},"rotation":{"x":0.18231607973575593,"y":-0.5241637229919434,"z":0.11600712686777115,"w":0.8237573504447937},"size":18.63593292236328,"orthographic":false}